책 제목,저자,가격
더 트릭컬,폴빠,"19,800원"
절창,구병모,"16,200원"
호의에 대하여,문형배,"16,920원"
흔한남매 20,흔한남매,"15,120원"
트렌드 코리아 2026,김난도,"18,000원"
혼모노,성해나,"16,200원"
렛뎀 이론,멜 로빈스,"18,000원"
형이상학의 근본개념들,마르틴 하이데거,"31,500원"
시대예보: 경량문명의 탄생,송길영,"19,800원"
반딧불이의 혼례 8,타치바나 오레코,"7,650원"
카구라바치 7 (더블특전판),호카조노 타케루,"5,850원"
중독은 뇌를 어떻게 바꾸는가,저드슨 브루어,"19,800원"
팩트풀니스 (50만 부 뉴에디션),한스 로슬링,"21,420원"
작은 일기,황정은,"12,600원"
"2025 큰별쌤 최태성의 별★별한국사 한국사능력검정시험 심화(1, 2, 3급) 상",최태성,"14,850원"
"2025 큰별쌤 최태성의 별★별한국사 한국사능력검정시험 심화(1, 2, 3급) 하",최태성,"14,400원"
양면의 조개껍데기,김초엽,"15,750원"
모순,양귀자,"11,700원"
비트코인 없는 미래는 없다,오태민,"27,900원"
체인소 맨 20,후지모토 타츠키,"5,400원"
지박소년 하나코 군 24 (더블 특장판),아이다이로,"5,400원"
데뷔 못 하면 죽는 병 걸림 4부 초판 한정 굿즈박스 세트 - 전4권,백덕수,"116,100원"
박곰희 연금 부자 수업,박곰희,"18,900원"
안녕이라 그랬어,김애란,"15,120원"
저소비 생활,가제노타미,"17,100원"
소설 보다 : 가을 2025,서장원,"4,950원"
위버멘쉬,프리드리히 니체,"16,020원"
나 혼자만 레벨업 15,장성락(REDICE STUDIO),"14,400원"
패밀리 레스토랑 가자. 上,와야마 야마,"7,650원"
"2025 큰별쌤 최태성의 별★별한국사 기출 500제 한국사능력검정시험 심화 (1, 2, 3급)",최태성,"17,550원"
가라오케 가자!,와야마 야마,"7,650원"
ETF 투자의 모든 것,문일호,"18,900원"
실패를 통과하는 일,박소령,"18,000원"
나 혼자만 레벨업 15 (한정판),장성락(REDICE STUDIO),"51,300원"
소년이 온다,한강,"13,500원"
ETS 토익 정기시험 기출문제집 1000 Vol. 4 Reading (리딩),ETS,"17,820원"
조용한 회복,박재연,"19,800원"
ETS 토익 정기시험 기출문제집 1000 Vol. 4 Listening (리스닝),ETS,"17,820원"
야구선수 임찬규 (리미티드 에디션),임찬규,"19,800원"
다크 심리학,다크 사이드 프로젝트,"19,710원"
"빠졌어, 너에게",와야마 야마,"7,650원"
한국의 미래,박석중,"19,800원"
다정한 사람이 이긴다,이해인,"17,100원"
모두를 위한 한국미술사,유홍준,"32,400원"
구불구불 빙빙 팡 터지며 전진하는 서사,제인 앨리슨,"18,900원"
마법천자문 68,알에스미디어,"14,310원"
꿈속을 헤맬 때,송미경,"19,800원"
코스모스,칼 세이건,"19,800원"
어른의 관계를 가꾸는 100일 필사 노트,김종원,"18,000원"
초역 부처의 말,코이케 류노스케,"16,020원"
